<?xml version="1.0" standalone="yes"?>
<NewDataSet>
	<ColumnMappings>
    <SourceColumn>EmployeeName</SourceColumn>
    <DestinationColumn>EmployeeName</DestinationColumn>
  </ColumnMappings>
  <ColumnMappings>
    <SourceColumn>EmpCode</SourceColumn>
    <DestinationColumn>EmpCode</DestinationColumn>
  </ColumnMappings>
  <ColumnMappings>
    <SourceColumn>LogDate</SourceColumn>
    <DestinationColumn>LogDate</DestinationColumn>
  </ColumnMappings>
  <ColumnMappings>
    <SourceColumn>NameOfDay</SourceColumn>
    <DestinationColumn>NameOfDay</DestinationColumn>
  </ColumnMappings>
  <ColumnMappings>
    <SourceColumn>InTime</SourceColumn>
    <DestinationColumn>InTime</DestinationColumn>
  </ColumnMappings>
  <ColumnMappings>
    <SourceColumn>OutTime</SourceColumn>
    <DestinationColumn>OutTime</DestinationColumn>
  </ColumnMappings>
  <ColumnMappings>
    <SourceColumn>Month</SourceColumn>
    <DestinationColumn>Month</DestinationColumn>
  </ColumnMappings>
  <ColumnMappings>
    <SourceColumn>Year</SourceColumn>
    <DestinationColumn>Year</DestinationColumn>
  </ColumnMappings>
  <ColumnMappings>
    <SourceColumn>TotalWorkingHour</SourceColumn>
    <DestinationColumn>TotalWorkingHour</DestinationColumn>
  </ColumnMappings>
  <ColumnMappings>
    <SourceColumn>RecordStatus</SourceColumn>
    <DestinationColumn>RecordStatus</DestinationColumn>
  </ColumnMappings>
  
  
</NewDataSet>