﻿<?xml version="1.0" standalone="yes"?>
<NewDataSet>
	<ColumnMappings>
		<SourceColumn>Date</SourceColumn>
		<DestinationColumn>Date</DestinationColumn>
	</ColumnMappings>
	<ColumnMappings>
		<SourceColumn>NameOfDay</SourceColumn>
		<DestinationColumn>NameOfDay</DestinationColumn>
	</ColumnMappings>
	<ColumnMappings>
		<SourceColumn>Month</SourceColumn>
		<DestinationColumn>Month</DestinationColumn>
	</ColumnMappings>
	
	<ColumnMappings>
		<SourceColumn>Year</SourceColumn>
		<DestinationColumn>Year</DestinationColumn>
	</ColumnMappings>
	<ColumnMappings>
		<SourceColumn>Details</SourceColumn>
		<DestinationColumn>Details</DestinationColumn>
	</ColumnMappings>


</NewDataSet>