Date,NameOfDay,Month,Year,Details
2016.04.03,Sunday,April,2016,
2016.04.09,Saturday,April,2016,
2016.04.10,Sunday,April,2016,
2016.04.17,Sunday,April,2016,
2016.04.23,Saturday,April,2016,
2016.04.24,Sunday,April,2016,
2016.05.01,Sunday,May,2016,
2016.05.08,Sunday,May,2016,
2016.05.15,Sunday,May,2016,
2016.05.21,Saturday,May,2016,
2016.05.22,Sunday,May,2016,
2016.05.28,Saturday,May,2016,
2016.05.29,Sunday,May,2016,
2016.06.05,Sunday,June,2016,
2016.06.11,Saturday,June,2016,
2016.06.12,Sunday,June,2016,
2016.06.19,Sunday,June,2016,
2016.06.25,Saturday,June,2016,
2016.06.26,Sunday,June,2016,
2016.07.03,Sunday,July,2016,
2016.07.10,Sunday,July,2016,
2016.07.16,Saturday,July,2016,
2016.07.17,Sunday,July,2016,
2016.07.23,Saturday,July,2016,
2016.07.24,Sunday,July,2016,
2016.07.31,Sunday,July,2016,
2016.08.07,Sunday,August,2016,
2016.08.13,Saturday,August,2016,
2016.08.14,Sunday,August,2016,
2016.08.15,Monday,August,2016,Independance day
2016.08.18,Thursday,August,2016,RakshaBandhan
2016.08.21,Sunday,August,2016,
2016.08.25,Thursday,August,2016,Janmastami
2016.08.27,Saturday,August,2016,
2016.08.28,Sunday,August,2016,
2016.09.04,Sunday,September,2016,
2016.09.10,Saturday,September,2016,
2016.09.11,Sunday,September,2016,
2016.09.18,Sunday,September,2016,
2016.09.24,Saturday,September,2016,
2016.09.25,Sunday,September,2016,
2016.10.02,Sunday,October,2016,
2016.10.09,Sunday,October,2016,
2016.10.11,Tuesday,October,2016,Dushera
2016.10.15,Saturday,October,2016,
2016.10.16,Sunday,October,2016,
2016.10.22,Saturday,October,2016,
2016.10.23,Sunday,October,2016,
2016.10.30,Sunday,October,2016,
2016.10.31,Monday,October,2016,Diwali
2016.11.01,Tuesday,November,2016,Diwali
2016.11.06,Sunday,November,2016,
2016.11.12,Saturday,November,2016,
2016.11.13,Sunday,November,2016,
2016.11.20,Sunday,November,2016,
2016.11.26,Saturday,November,2016,
2016.11.27,Sunday,November,2016,
2016.12.04,Sunday,December,2016,
2016.12.10,Saturday,December,2016,
2016.12.11,Sunday,December,2016,
2016.12.18,Sunday,December,2016,
2016.12.24,Saturday,December,2016,
2016.12.25,Sunday,December,2016,
2017.01.01,Sunday,January,2017,
2017.01.08,Sunday,January,2017,
2017.01.14,Saturday,January,2017,
2017.01.15,Sunday,January,2017,
2017.01.22,Sunday,January,2017,
2017.01.26,Thursday,January,2017,RepublicDay
2017.01.28,Saturday,January,2017,
2017.01.29,Sunday,January,2017,
2017.02.05,Sunday,February,2017,
2017.02.11,Saturday,February,2017,
2017.02.12,Sunday,February,2017,
2017.02.19,Sunday,February,2017,
2017.02.24,Friday,February,2017,MahaShivaRatri
2017.02.25,Saturday,February,2017,
2017.02.26,Sunday,February,2017,
2017.03.05,Sunday,March,2017,
2017.03.11,Saturday,March,2017,
2017.03.12,Sunday,March,2017,
2017.03.13,Monday,March,2017,Holi
2017.03.19,Sunday,March,2017,
2017.03.25,Saturday,March,2017,
2017.03.26,Sunday,March,2017,
